{
    "Connector labels": [
        "Main_out",
        "Main_in"
    ],
    "Probabilities": {
        "pump_pattern_1": 0.3333333333333333,
        "pump_pattern_2": 0.3333333333333333,
        "pump_pattern_3": 0.3333333333333333
    }
}